{
  "test_acc": 0.7785185185185185,
  "balanced_acc": 0.7754333333333333,
  "macro_f1": 0.7754154425457913,
  "cohen_kappa": 0.7534999465657013,
  "best_val_acc": 0.7896296296296297,
  "best_epoch": 172
}