{
  "test_acc": 0.7759259259259259,
  "balanced_acc": 0.7741333333333333,
  "macro_f1": 0.7729361190167687,
  "cohen_kappa": 0.7506772999580265,
  "best_val_acc": 0.7862962962962963,
  "best_epoch": 171
}