{
  "test_acc": 0.7792592592592592,
  "balanced_acc": 0.7765333333333333,
  "macro_f1": 0.7768062731463985,
  "cohen_kappa": 0.754318735257521,
  "best_val_acc": 0.7911111111111111,
  "best_epoch": 186
}